-- =============================================================================
-- GateGuard - Sample Data (Seed)
-- =============================================================================
-- Source: cursor-ai-agent/4_Test_Data_and_Integrity_Checks.md
-- Run after schema.sql. Order respects FK dependencies.
-- Uses lowercase column/table names so they match PostgreSQL's stored identifiers.
-- =============================================================================

BEGIN;

-- =============================================================================
-- 1. MemberType (3 rows)
-- =============================================================================
INSERT INTO membertype (typeid, typename, createdat) VALUES
(1, 'Resident', '2024-01-01 00:00:00'),
(2, 'Student', '2024-01-01 00:00:00'),
(3, 'Visitor', '2024-01-01 00:00:00');

-- =============================================================================
-- 2. VehicleType (5 rows)
-- =============================================================================
INSERT INTO vehicletype (typeid, typename, createdat) VALUES
(1, 'PrivateCar', '2024-01-01 00:00:00'),
(2, 'Taxi', '2024-01-01 00:00:00'),
(3, 'Bike', '2024-01-01 00:00:00'),
(4, 'Truck', '2024-01-01 00:00:00'),
(5, 'Bus', '2024-01-01 00:00:00');

-- =============================================================================
-- 3. Role (3 rows)
-- =============================================================================
INSERT INTO role (roleid, rolename, createdat) VALUES
(1, 'Guard', '2024-01-01 00:00:00'),
(2, 'Admin', '2024-01-01 00:00:00'),
(3, 'SuperAdmin', '2024-01-01 00:00:00');

-- =============================================================================
-- 4. Gate (4 rows)
-- =============================================================================
INSERT INTO gate (gateid, name, location, createdat) VALUES
(1, 'Main Gate', 'North Entrance, Near Admin Block', '2024-01-01 00:00:00'),
(2, 'East Gate', 'East Entrance, Near Hostels', '2024-01-01 00:00:00'),
(3, 'West Gate', 'West Entrance, Near Academic Block', '2024-01-01 00:00:00'),
(4, 'South Gate', 'South Entrance, Near Sports Complex', '2024-01-01 00:00:00');

-- =============================================================================
-- 5. Member (20 rows)
-- =============================================================================
-- Residents (7)
INSERT INTO member (memberid, name, email, contactnumber, image, age, department, typeid, createdat, updatedat) VALUES
(1, 'Dr. Rajesh Kumar', 'rajesh.kumar@iitgn.ac.in', '+91-9876543210', NULL, 45, 'Computer Science', 1, '2024-01-15 10:00:00', '2024-01-15 10:00:00'),
(2, 'Prof. Priya Sharma', 'priya.sharma@iitgn.ac.in', '+91-9876543211', NULL, 42, 'Electrical Engineering', 1, '2024-01-15 10:00:00', '2024-01-15 10:00:00'),
(3, 'Dr. Amit Patel', 'amit.patel@iitgn.ac.in', '+91-9876543212', NULL, 38, 'Mechanical Engineering', 1, '2024-01-15 10:00:00', '2024-01-15 10:00:00'),
(4, 'Prof. Sneha Reddy', 'sneha.reddy@iitgn.ac.in', '+91-9876543213', NULL, 50, 'Chemistry', 1, '2024-01-15 10:00:00', '2024-01-15 10:00:00'),
(5, 'Dr. Vikram Singh', 'vikram.singh@iitgn.ac.in', '+91-9876543214', NULL, 47, 'Physics', 1, '2024-01-15 10:00:00', '2024-01-15 10:00:00'),
(6, 'Prof. Anjali Desai', 'anjali.desai@iitgn.ac.in', '+91-9876543215', NULL, 41, 'Mathematics', 1, '2024-01-15 10:00:00', '2024-01-15 10:00:00'),
(7, 'Dr. Manoj Joshi', 'manoj.joshi@iitgn.ac.in', '+91-9876543216', NULL, 44, 'Civil Engineering', 1, '2024-01-15 10:00:00', '2024-01-15 10:00:00');

-- Students (8)
INSERT INTO member (memberid, name, email, contactnumber, image, age, department, typeid, createdat, updatedat) VALUES
(8, 'Arjun Mehta', 'arjun.mehta@iitgn.ac.in', '+91-9876543217', NULL, 20, 'Computer Science', 2, '2024-01-15 10:00:00', '2024-01-15 10:00:00'),
(9, 'Kavya Nair', 'kavya.nair@iitgn.ac.in', '+91-9876543218', NULL, 21, 'Electrical Engineering', 2, '2024-01-15 10:00:00', '2024-01-15 10:00:00'),
(10, 'Rohan Gupta', 'rohan.gupta@iitgn.ac.in', '+91-9876543219', NULL, 22, 'Mechanical Engineering', 2, '2024-01-15 10:00:00', '2024-01-15 10:00:00'),
(11, 'Divya Iyer', 'divya.iyer@iitgn.ac.in', '+91-9876543220', NULL, 19, 'Chemistry', 2, '2024-01-15 10:00:00', '2024-01-15 10:00:00'),
(12, 'Siddharth Rao', 'siddharth.rao@iitgn.ac.in', '+91-9876543221', NULL, 20, 'Physics', 2, '2024-01-15 10:00:00', '2024-01-15 10:00:00'),
(13, 'Ananya Krishnan', 'ananya.krishnan@iitgn.ac.in', '+91-9876543222', NULL, 21, 'Mathematics', 2, '2024-01-15 10:00:00', '2024-01-15 10:00:00'),
(14, 'Varun Menon', 'varun.menon@iitgn.ac.in', '+91-9876543223', NULL, 22, 'Civil Engineering', 2, '2024-01-15 10:00:00', '2024-01-15 10:00:00'),
(15, 'Isha Agarwal', 'isha.agarwal@iitgn.ac.in', '+91-9876543224', NULL, 20, 'Computer Science', 2, '2024-01-15 10:00:00', '2024-01-15 10:00:00');

-- Visitors (5)
INSERT INTO member (memberid, name, email, contactnumber, image, age, department, typeid, createdat, updatedat) VALUES
(16, 'Ramesh Kumar', 'ramesh.kumar@gmail.com', '+91-9876543225', NULL, 35, NULL, 3, '2024-01-15 10:00:00', '2024-01-15 10:00:00'),
(17, 'Sunita Devi', 'sunita.devi@gmail.com', '+91-9876543226', NULL, 28, NULL, 3, '2024-01-15 10:00:00', '2024-01-15 10:00:00'),
(18, 'Mohammed Ali', 'mohammed.ali@gmail.com', '+91-9876543227', NULL, 40, NULL, 3, '2024-01-15 10:00:00', '2024-01-15 10:00:00'),
(19, 'Geeta Sharma', 'geeta.sharma@gmail.com', '+91-9876543228', NULL, 32, NULL, 3, '2024-01-15 10:00:00', '2024-01-15 10:00:00'),
(20, 'Pradeep Nair', 'pradeep.nair@gmail.com', '+91-9876543229', NULL, 45, NULL, 3, '2024-01-15 10:00:00', '2024-01-15 10:00:00');

-- =============================================================================
-- 6. Vehicle (18 rows)
-- =============================================================================
-- Private Cars (10)
INSERT INTO vehicle (vehicleid, licenseplate, typeid, ownerid, createdat, updatedat) VALUES
(1, 'GJ-06-AB-1234', 1, 1, '2024-01-15 10:00:00', '2024-01-15 10:00:00'),
(2, 'GJ-06-CD-5678', 1, 2, '2024-01-15 10:00:00', '2024-01-15 10:00:00'),
(3, 'GJ-06-EF-9012', 1, 3, '2024-01-15 10:00:00', '2024-01-15 10:00:00'),
(4, 'GJ-06-GH-3456', 1, 4, '2024-01-15 10:00:00', '2024-01-15 10:00:00'),
(5, 'GJ-06-IJ-7890', 1, 5, '2024-01-15 10:00:00', '2024-01-15 10:00:00'),
(6, 'GJ-06-KL-2468', 1, 8, '2024-01-15 10:00:00', '2024-01-15 10:00:00'),
(7, 'GJ-06-MN-1357', 1, 9, '2024-01-15 10:00:00', '2024-01-15 10:00:00'),
(8, 'GJ-06-OP-9753', 1, 10, '2024-01-15 10:00:00', '2024-01-15 10:00:00'),
(9, 'GJ-06-QR-8642', 1, 12, '2024-01-15 10:00:00', '2024-01-15 10:00:00'),
(10, 'GJ-06-ST-7531', 1, 14, '2024-01-15 10:00:00', '2024-01-15 10:00:00');

-- Bikes (5)
INSERT INTO vehicle (vehicleid, licenseplate, typeid, ownerid, createdat, updatedat) VALUES
(11, 'GJ-06-UV-6420', 3, 11, '2024-01-15 10:00:00', '2024-01-15 10:00:00'),
(12, 'GJ-06-WX-5319', 3, 13, '2024-01-15 10:00:00', '2024-01-15 10:00:00'),
(13, 'GJ-06-YZ-4208', 3, 15, '2024-01-15 10:00:00', '2024-01-15 10:00:00'),
(14, 'GJ-06-AA-3197', 3, 6, '2024-01-15 10:00:00', '2024-01-15 10:00:00'),
(15, 'GJ-06-BB-2086', 3, 7, '2024-01-15 10:00:00', '2024-01-15 10:00:00');

-- Taxis (3, OwnerID NULL)
INSERT INTO vehicle (vehicleid, licenseplate, typeid, ownerid, createdat, updatedat) VALUES
(16, 'GJ-06-CC-1975', 2, NULL, '2024-01-15 10:00:00', '2024-01-15 10:00:00'),
(17, 'GJ-06-DD-0864', 2, NULL, '2024-01-15 10:00:00', '2024-01-15 10:00:00'),
(18, 'GJ-06-EE-9753', 2, NULL, '2024-01-15 10:00:00', '2024-01-15 10:00:00');

-- =============================================================================
-- 7. User (8 rows) - table name quoted (reserved word in PostgreSQL)
-- =============================================================================
INSERT INTO "User" (userid, username, passwordhash, roleid, createdat, updatedat) VALUES
(1, 'guard1', 'a1b2c3d4e5f6g7h8i9j0k1l2m3n4o5p6', 1, '2024-01-01 10:00:00', '2024-01-01 10:00:00'),
(2, 'guard2', 'b2c3d4e5f6g7h8i9j0k1l2m3n4o5p6q7', 1, '2024-01-01 10:00:00', '2024-01-01 10:00:00'),
(3, 'guard3', 'c3d4e5f6g7h8i9j0k1l2m3n4o5p6q7r8', 1, '2024-01-01 10:00:00', '2024-01-01 10:00:00'),
(4, 'guard4', 'd4e5f6g7h8i9j0k1l2m3n4o5p6q7r8s9', 1, '2024-01-01 10:00:00', '2024-01-01 10:00:00'),
(5, 'admin1', 'e5f6g7h8i9j0k1l2m3n4o5p6q7r8s9t0', 2, '2024-01-01 10:00:00', '2024-01-01 10:00:00'),
(6, 'admin2', 'f6g7h8i9j0k1l2m3n4o5p6q7r8s9t0u1', 2, '2024-01-01 10:00:00', '2024-01-01 10:00:00'),
(7, 'superadmin', 'g7h8i9j0k1l2m3n4o5p6q7r8s9t0u1v2', 3, '2024-01-01 10:00:00', '2024-01-01 10:00:00'),
(8, 'guard5', 'h8i9j0k1l2m3n4o5p6q7r8s9t0u1v2w3', 1, '2024-01-01 10:00:00', '2024-01-01 10:00:00');

-- =============================================================================
-- 8. GateOccupancy (4 rows)
-- =============================================================================
INSERT INTO gateoccupancy (gateid, occupancycount, updatedat) VALUES
(1, 5, '2024-01-20 14:30:00'),
(2, 3, '2024-01-20 14:30:00'),
(3, 8, '2024-01-20 14:30:00'),
(4, 2, '2024-01-20 14:30:00');

-- =============================================================================
-- 9. PersonVisit (25 rows)
-- =============================================================================
-- Completed visits (15)
INSERT INTO personvisit (visitid, personid, entrygateid, entrytime, exitgateid, exittime, vehicleid, createdat, updatedat) VALUES
(1, 8, 1, '2024-01-16 08:00:00', 1, '2024-01-16 18:00:00', 6, '2024-01-16 08:00:00', '2024-01-16 18:00:00'),
(2, 9, 2, '2024-01-16 08:30:00', 2, '2024-01-16 17:30:00', 7, '2024-01-16 08:30:00', '2024-01-16 17:30:00'),
(3, 10, 3, '2024-01-16 09:00:00', 3, '2024-01-16 17:00:00', 8, '2024-01-16 09:00:00', '2024-01-16 17:00:00'),
(4, 11, 2, '2024-01-16 09:15:00', 2, '2024-01-16 16:45:00', 11, '2024-01-16 09:15:00', '2024-01-16 16:45:00'),
(5, 12, 1, '2024-01-16 09:30:00', 1, '2024-01-16 18:30:00', 9, '2024-01-16 09:30:00', '2024-01-16 18:30:00'),
(6, 1, 1, '2024-01-17 07:30:00', 3, '2024-01-17 19:00:00', 1, '2024-01-17 07:30:00', '2024-01-17 19:00:00'),
(7, 2, 2, '2024-01-17 08:00:00', 4, '2024-01-17 18:30:00', 2, '2024-01-17 08:00:00', '2024-01-17 18:30:00'),
(8, 3, 3, '2024-01-17 08:15:00', 1, '2024-01-17 19:15:00', 3, '2024-01-17 08:15:00', '2024-01-17 19:15:00'),
(9, 13, 1, '2024-01-17 10:00:00', 1, '2024-01-17 16:00:00', NULL, '2024-01-17 10:00:00', '2024-01-17 16:00:00'),
(10, 14, 2, '2024-01-17 10:30:00', 2, '2024-01-17 15:30:00', NULL, '2024-01-17 10:30:00', '2024-01-17 15:30:00'),
(11, 15, 3, '2024-01-17 11:00:00', 3, '2024-01-17 17:00:00', NULL, '2024-01-17 11:00:00', '2024-01-17 17:00:00'),
(12, 16, 1, '2024-01-18 14:00:00', 1, '2024-01-18 16:00:00', NULL, '2024-01-18 14:00:00', '2024-01-18 16:00:00'),
(13, 17, 2, '2024-01-18 14:30:00', 2, '2024-01-18 17:00:00', 16, '2024-01-18 14:30:00', '2024-01-18 17:00:00'),
(14, 18, 3, '2024-01-18 15:00:00', 3, '2024-01-18 18:00:00', NULL, '2024-01-18 15:00:00', '2024-01-18 18:00:00'),
(15, 19, 4, '2024-01-18 15:30:00', 4, '2024-01-18 17:30:00', 17, '2024-01-18 15:30:00', '2024-01-18 17:30:00');

-- Active visits (10)
INSERT INTO personvisit (visitid, personid, entrygateid, entrytime, exitgateid, exittime, vehicleid, createdat, updatedat) VALUES
(16, 4, 1, '2024-01-20 08:00:00', NULL, NULL, 4, '2024-01-20 08:00:00', NULL),
(17, 5, 2, '2024-01-20 08:30:00', NULL, NULL, 5, '2024-01-20 08:30:00', NULL),
(18, 6, 3, '2024-01-20 09:00:00', NULL, NULL, 14, '2024-01-20 09:00:00', NULL),
(19, 7, 4, '2024-01-20 09:15:00', NULL, NULL, 15, '2024-01-20 09:15:00', NULL),
(20, 8, 1, '2024-01-20 10:00:00', NULL, NULL, NULL, '2024-01-20 10:00:00', NULL),
(21, 9, 2, '2024-01-20 10:30:00', NULL, NULL, NULL, '2024-01-20 10:30:00', NULL),
(22, 10, 3, '2024-01-20 11:00:00', NULL, NULL, NULL, '2024-01-20 11:00:00', NULL),
(23, 11, 4, '2024-01-20 11:30:00', NULL, NULL, NULL, '2024-01-20 11:30:00', NULL),
(24, 20, 1, '2024-01-20 12:00:00', NULL, NULL, 18, '2024-01-20 12:00:00', NULL),
(25, 16, 2, '2024-01-20 13:00:00', NULL, NULL, NULL, '2024-01-20 13:00:00', NULL);

-- =============================================================================
-- 10. VehicleVisit (20 rows)
-- =============================================================================
-- Completed (12)
INSERT INTO vehiclevisit (visitid, vehicleid, entrygateid, entrytime, exitgateid, exittime, createdat, updatedat) VALUES
(1, 1, 1, '2024-01-17 07:30:00', 3, '2024-01-17 19:00:00', '2024-01-17 07:30:00', '2024-01-17 19:00:00'),
(2, 2, 2, '2024-01-17 08:00:00', 4, '2024-01-17 18:30:00', '2024-01-17 08:00:00', '2024-01-17 18:30:00'),
(3, 3, 3, '2024-01-17 08:15:00', 1, '2024-01-17 19:15:00', '2024-01-17 08:15:00', '2024-01-17 19:15:00'),
(4, 6, 1, '2024-01-16 08:00:00', 1, '2024-01-16 18:00:00', '2024-01-16 08:00:00', '2024-01-16 18:00:00'),
(5, 7, 2, '2024-01-16 08:30:00', 2, '2024-01-16 17:30:00', '2024-01-16 08:30:00', '2024-01-16 17:30:00'),
(6, 8, 3, '2024-01-16 09:00:00', 3, '2024-01-16 17:00:00', '2024-01-16 09:00:00', '2024-01-16 17:00:00'),
(7, 11, 2, '2024-01-16 09:15:00', 2, '2024-01-16 16:45:00', '2024-01-16 09:15:00', '2024-01-16 16:45:00'),
(8, 12, 1, '2024-01-17 10:00:00', 1, '2024-01-17 16:00:00', '2024-01-17 10:00:00', '2024-01-17 16:00:00'),
(9, 13, 3, '2024-01-17 11:00:00', 3, '2024-01-17 17:00:00', '2024-01-17 11:00:00', '2024-01-17 17:00:00'),
(10, 16, 2, '2024-01-18 14:30:00', 2, '2024-01-18 17:00:00', '2024-01-18 14:30:00', '2024-01-18 17:00:00'),
(11, 17, 4, '2024-01-18 15:30:00', 4, '2024-01-18 17:30:00', '2024-01-18 15:30:00', '2024-01-18 17:30:00'),
(12, 18, 1, '2024-01-19 10:00:00', 1, '2024-01-19 12:00:00', '2024-01-19 10:00:00', '2024-01-19 12:00:00');

-- Active (8)
INSERT INTO vehiclevisit (visitid, vehicleid, entrygateid, entrytime, exitgateid, exittime, createdat, updatedat) VALUES
(13, 4, 1, '2024-01-20 08:00:00', NULL, NULL, '2024-01-20 08:00:00', NULL),
(14, 5, 2, '2024-01-20 08:30:00', NULL, NULL, '2024-01-20 08:30:00', NULL),
(15, 9, 1, '2024-01-20 09:00:00', NULL, NULL, '2024-01-20 09:00:00', NULL),
(16, 10, 3, '2024-01-20 09:15:00', NULL, NULL, '2024-01-20 09:15:00', NULL),
(17, 14, 3, '2024-01-20 09:00:00', NULL, NULL, '2024-01-20 09:00:00', NULL),
(18, 15, 4, '2024-01-20 09:15:00', NULL, NULL, '2024-01-20 09:15:00', NULL),
(19, 16, 1, '2024-01-20 12:00:00', NULL, NULL, '2024-01-20 12:00:00', NULL),
(20, 17, 2, '2024-01-20 13:00:00', NULL, NULL, '2024-01-20 13:00:00', NULL);

-- =============================================================================
-- Reset SERIAL sequences (so future INSERTs get correct next IDs)
-- =============================================================================
SELECT setval(pg_get_serial_sequence('membertype', 'typeid'), (SELECT COALESCE(MAX(typeid), 1) FROM membertype));
SELECT setval(pg_get_serial_sequence('member', 'memberid'), (SELECT COALESCE(MAX(memberid), 1) FROM member));
SELECT setval(pg_get_serial_sequence('vehicletype', 'typeid'), (SELECT COALESCE(MAX(typeid), 1) FROM vehicletype));
SELECT setval(pg_get_serial_sequence('vehicle', 'vehicleid'), (SELECT COALESCE(MAX(vehicleid), 1) FROM vehicle));
SELECT setval(pg_get_serial_sequence('gate', 'gateid'), (SELECT COALESCE(MAX(gateid), 1) FROM gate));
SELECT setval(pg_get_serial_sequence('role', 'roleid'), (SELECT COALESCE(MAX(roleid), 1) FROM role));
SELECT setval(pg_get_serial_sequence('"User"', 'userid'), (SELECT COALESCE(MAX(userid), 1) FROM "User"));
SELECT setval(pg_get_serial_sequence('personvisit', 'visitid'), (SELECT COALESCE(MAX(visitid), 1) FROM personvisit));
SELECT setval(pg_get_serial_sequence('vehiclevisit', 'visitid'), (SELECT COALESCE(MAX(visitid), 1) FROM vehiclevisit));

COMMIT;
